﻿designator,quantity,value,pack,mpn,mount_type
A,1,Board,Board,,tht
"C1, C2",2,2.2uF,CP_Radial_D5.0mm_P2.50mm,,tht
"C10, C11, C7, C8",4,100nF,C_Rect_L7.0mm_W2.0mm_P5.00mm_BigPads,,tht
"C12, C9",2,22uF,CP_Radial_D5.0mm_P2.50mm,,tht
"C3, C4, C5, C6",4,270pF,C_Rect_L7.0mm_W2.0mm_P5.00mm_BigPads,,tht
"D1, D2",2,~,D_DO-41_SOD81_P7.62mm_Horizontal_BigPads,,tht
H1,1,MountingHole_Pad,MountingHole_M3_Standoff_Pad,,tht
J5,1,EuroPower_JST_3P,Eurorack_power_jst_3P,,tht
J6,1,EURO_PWR_16P,IDC-Header_2x08_P2.54mm_Vertical,,tht
J7,1,Main,PinHeader_1x10_P2.54mm_Vertical,,tht
"R1, R16, R20, R21, R24, R26, R27, R28, R3, R31, R5, R7, R9",13,100K,R_Axial_DIN0207_L6.3mm_D2.5mm_P2.54mm_Vertical,,tht
R10,1,1K,R_Axial_DIN0207_L6.3mm_D2.5mm_P2.54mm_Vertical,,tht
"R11, R19, R25",3,68K,R_Axial_DIN0207_L6.3mm_D2.5mm_P2.54mm_Vertical,,tht
"R12, R13, R14",3,220K,R_Axial_DIN0207_L6.3mm_D2.5mm_P2.54mm_Vertical,,tht
R15,1,330K,R_Axial_DIN0207_L6.3mm_D2.5mm_P2.54mm_Vertical,,tht
R17,1,51K,R_Axial_DIN0207_L6.3mm_D2.5mm_P2.54mm_Vertical,,tht
R18,1,3K3,R_Axial_DIN0207_L6.3mm_D2.5mm_P2.54mm_Vertical,,tht
"R2, R4, R6, R8",4,91K,R_Axial_DIN0207_L6.3mm_D2.5mm_P2.54mm_Vertical,,tht
R22,1,1K2,R_Axial_DIN0207_L6.3mm_D2.5mm_P2.54mm_Vertical,,tht
R23,1,1K8,R_Axial_DIN0207_L6.3mm_D2.5mm_P2.54mm_Vertical,,tht
R29,1,150K,R_Axial_DIN0207_L6.3mm_D2.5mm_P2.54mm_Vertical,,tht
R30,1,3.3K,R_Axial_DIN0207_L6.3mm_D2.5mm_P2.54mm_Vertical,,tht
RV1,1,2K,Potentiometer_Bourns_3296W_Vertical_BigPads,,tht
"RV2, RV5",2,50K,Potentiometer_Bourns_3296W_Vertical_BigPads,,tht
U1,1,TL072,DIP-8_W7.62mm_Socket_LongPads,,tht
U2,1,AS3320,DIP-18_W7.62mm_Socket_LongPads,,tht
U3,1,TL074,DIP-14_W7.62mm_Socket_LongPads,,tht
