﻿pos_x,pos_y,rotation,side,designator,mpn,pack,value,mount_type,place
134.76,-43.866,0.0,top,A,,Board,Board,tht,False
162.192,-71.616888,-90.0,top,C1,,CP_Radial_D5.0mm_P2.50mm,2.2uF,tht,True
151.564,-111.938,0.0,top,C10,,C_Rect_L7.0mm_W2.0mm_P5.00mm_BigPads,100nF,tht,True
143.65,-77.648,180.0,top,C11,,C_Rect_L7.0mm_W2.0mm_P5.00mm_BigPads,100nF,tht,True
159.437401,-139.37,0.0,top,C12,,CP_Radial_D5.0mm_P2.50mm,22uF,tht,True
148.286887,-79.426,0.0,top,C2,,CP_Radial_D5.0mm_P2.50mm,2.2uF,tht,True
143.356,-57.328,180.0,top,C3,,C_Rect_L7.0mm_W2.0mm_P5.00mm_BigPads,270pF,tht,True
143.356,-54.28,180.0,top,C4,,C_Rect_L7.0mm_W2.0mm_P5.00mm_BigPads,270pF,tht,True
156.644,-51.486,0.0,top,C5,,C_Rect_L7.0mm_W2.0mm_P5.00mm_BigPads,270pF,tht,True
157.112,-66.766,-90.0,top,C6,,C_Rect_L7.0mm_W2.0mm_P5.00mm_BigPads,270pF,tht,True
156.644,-58.344,0.0,top,C7,,C_Rect_L7.0mm_W2.0mm_P5.00mm_BigPads,100nF,tht,True
156.644,-61.9,0.0,top,C8,,C_Rect_L7.0mm_W2.0mm_P5.00mm_BigPads,100nF,tht,True
153.072,-139.37,0.0,top,C9,,CP_Radial_D5.0mm_P2.50mm,22uF,tht,True
158.636,-145.212,-90.0,top,D1,,D_DO-41_SOD81_P7.62mm_Horizontal_BigPads,~,tht,True
162.7,-152.832,90.0,top,D2,,D_DO-41_SOD81_P7.62mm_Horizontal_BigPads,~,tht,True
140.348,-66.726,0.0,top,H1,,MountingHole_M3_Standoff_Pad,MountingHole_Pad,tht,True
152.54,-146.482,-90.0,top,J5,,Eurorack_power_jst_3P,EuroPower_JST_3P,tht,True
142.38,-149.022,0.0,top,J6,,IDC-Header_2x08_P2.54mm_Vertical,EURO_PWR_16P,tht,True
162.7,-78.918,180.0,bottom,J7,,PinHeader_1x10_P2.54mm_Vertical,Main,tht,True
139.361,-96.698,180.0,top,R1,,R_Axial_DIN0207_L6.3mm_D2.5mm_P2.54mm_Vertical,100K,tht,True
155.051,-92.126,0.0,top,R10,,R_Axial_DIN0207_L6.3mm_D2.5mm_P2.54mm_Vertical,1K,tht,True
143.875,-97.206,0.0,top,R11,,R_Axial_DIN0207_L6.3mm_D2.5mm_P2.54mm_Vertical,68K,tht,True
144.412,-74.854,90.0,top,R12,,R_Axial_DIN0207_L6.3mm_D2.5mm_P2.54mm_Vertical,220K,tht,True
141.364,-74.854,90.0,top,R13,,R_Axial_DIN0207_L6.3mm_D2.5mm_P2.54mm_Vertical,220K,tht,True
147.46,-74.854,90.0,top,R14,,R_Axial_DIN0207_L6.3mm_D2.5mm_P2.54mm_Vertical,220K,tht,True
147.968,-86.059,90.0,top,R15,,R_Axial_DIN0207_L6.3mm_D2.5mm_P2.54mm_Vertical,330K,tht,True
148.984,-95.145,-90.0,top,R16,,R_Axial_DIN0207_L6.3mm_D2.5mm_P2.54mm_Vertical,100K,tht,True
154.064,-76.857,-90.0,top,R17,,R_Axial_DIN0207_L6.3mm_D2.5mm_P2.54mm_Vertical,51K,tht,True
151.524,-84.985,-90.0,top,R18,,R_Axial_DIN0207_L6.3mm_D2.5mm_P2.54mm_Vertical,3K3,tht,True
149.492,-104.289,-90.0,top,R19,,R_Axial_DIN0207_L6.3mm_D2.5mm_P2.54mm_Vertical,68K,tht,True
140.827,-47.422,0.0,top,R2,,R_Axial_DIN0207_L6.3mm_D2.5mm_P2.54mm_Vertical,91K,tht,True
143.846,-106.858,0.0,top,R20,,R_Axial_DIN0207_L6.3mm_D2.5mm_P2.54mm_Vertical,100K,tht,True
145.955,-103.81,180.0,top,R21,,R_Axial_DIN0207_L6.3mm_D2.5mm_P2.54mm_Vertical,100K,tht,True
160.16,-66.218,-90.0,top,R22,,R_Axial_DIN0207_L6.3mm_D2.5mm_P2.54mm_Vertical,1K2,tht,True
143.875,-100.762,0.0,top,R23,,R_Axial_DIN0207_L6.3mm_D2.5mm_P2.54mm_Vertical,1K8,tht,True
143.846,-109.906,0.0,top,R24,,R_Axial_DIN0207_L6.3mm_D2.5mm_P2.54mm_Vertical,100K,tht,True
137.271,-123.114,0.0,top,R25,,R_Axial_DIN0207_L6.3mm_D2.5mm_P2.54mm_Vertical,68K,tht,True
143.875,-122.098,0.0,top,R26,,R_Axial_DIN0207_L6.3mm_D2.5mm_P2.54mm_Vertical,100K,tht,True
143.875,-112.954,0.0,top,R27,,R_Axial_DIN0207_L6.3mm_D2.5mm_P2.54mm_Vertical,100K,tht,True
143.875,-119.05,0.0,top,R28,,R_Axial_DIN0207_L6.3mm_D2.5mm_P2.54mm_Vertical,100K,tht,True
163.208,-127.715,90.0,top,R29,,R_Axial_DIN0207_L6.3mm_D2.5mm_P2.54mm_Vertical,150K,tht,True
137.3,-47.393,-90.0,top,R3,,R_Axial_DIN0207_L6.3mm_D2.5mm_P2.54mm_Vertical,100K,tht,True
163.208,-120.037,-90.0,top,R30,,R_Axial_DIN0207_L6.3mm_D2.5mm_P2.54mm_Vertical,3.3K,tht,True
143.875,-116.002,0.0,top,R31,,R_Axial_DIN0207_L6.3mm_D2.5mm_P2.54mm_Vertical,100K,tht,True
140.827,-50.978,0.0,top,R4,,R_Axial_DIN0207_L6.3mm_D2.5mm_P2.54mm_Vertical,91K,tht,True
140.827,-60.63,0.0,top,R5,,R_Axial_DIN0207_L6.3mm_D2.5mm_P2.54mm_Vertical,100K,tht,True
159.173,-48.438,180.0,top,R6,,R_Axial_DIN0207_L6.3mm_D2.5mm_P2.54mm_Vertical,91K,tht,True
159.173,-54.534,180.0,top,R7,,R_Axial_DIN0207_L6.3mm_D2.5mm_P2.54mm_Vertical,100K,tht,True
159.144,-45.39,180.0,top,R8,,R_Axial_DIN0207_L6.3mm_D2.5mm_P2.54mm_Vertical,91K,tht,True
153.585,-71.044,180.0,top,R9,,R_Axial_DIN0207_L6.3mm_D2.5mm_P2.54mm_Vertical,100K,tht,True
156.096,-88.072,-90.0,top,RV1,,Potentiometer_Bourns_3296W_Vertical_BigPads,2K,tht,True
138.316,-108.89,-90.0,top,RV2,,Potentiometer_Bourns_3296W_Vertical_BigPads,50K,tht,True
138.316,-113.96,90.0,top,RV5,,Potentiometer_Bourns_3296W_Vertical_BigPads,50K,tht,True
137.031,-80.706,0.0,top,U1,,DIP-8_W7.62mm_Socket_LongPads,TL072,tht,True
146.175,-47.432,0.0,top,U2,,DIP-18_W7.62mm_Socket_LongPads,AS3320,tht,True
150.239,-114.981,0.0,top,U3,,DIP-14_W7.62mm_Socket_LongPads,TL074,tht,True
