﻿pos_x,pos_y,rotation,side,designator,mpn,pack,value,mount_type,place
134.76,-43.866,0.0,top,B,,Board,Board,tht,False
159.652,-66.726,0.0,top,H2,,MountingHole_M3_Standoff_Pad,MountingHole_Pad,tht,True
142.38,-142.702,0.0,top,J1,,AudioJack_3.5mm_long_pads,Sig In,tht,True
157.62,-142.702,0.0,top,J2,,AudioJack_3.5mm_long_pads,Sig Out,tht,True
142.38,-127.462,0.0,top,J3,,AudioJack_3.5mm_long_pads,FreqCv,tht,True
157.62,-127.462,0.0,top,J4,,AudioJack_3.5mm_long_pads,ResCv,tht,True
137.3,-78.918,180.0,bottom,J8,,PinSocket_1x10_P2.54mm_Vertical,Ctrl,tht,True
147.5,-72.822,90.0,top,RV3,,Potentiometer_RV09_BigPads,100K,tht,True
139.88,-123.622,90.0,top,RV4,,Potentiometer_RV09_BigPads,10K,tht,True
147.5,-98.222,90.0,top,RV6,,Potentiometer_RV09_BigPads,100K,tht,True
155.12,-123.622,90.0,top,RV7,,Potentiometer_RV09_BigPads,10K,tht,True
